354,Ganesh,img/vratham/ganesh.jpg,GOD & GODDESS,mantras_stotram.aspx?godname=Ganesh,active,img/ganesh.jpg
355,Brahma,img/vratham/brahama.jpg,GOD & GODDESS,mantras_stotram.aspx?godname=Brahma,active,img/brahama.jpg
356,Vishnu,img/vratham/vishnu.jpg,GOD & GODDESS,mantras_stotram.aspx?godname=Vishnu,active,img/Vishnu.jpg
357,Shiva,img/vratham/shiva.jpg,GOD & GODDESS,mantras_stotram.aspx?godname=Shiva,active,img/siva.jpg
358,Sri Rama,img/vratham/rama.jpg,GOD & GODDESS,mantras_stotram.aspx?godname=Sri Rama,active,img/rama.jpg
359,Sri Krishna,img/vratham/krishna.jpg,GOD & GODDESS,mantras_stotram.aspx?godname=Sri Krishna,active,img/krishna.jpg
360,"Venkateswara ",img/vratham/lord-venkateshwara.jpg,GOD & GODDESS,mantras_stotram.aspx?godname=Venkateswara,active,img/balaji.jpg
361,Sriranga Swamy,img/vratham/Ranganathaswamy.jpg,GOD & GODDESS,mantras_stotram.aspx?godname=Sriranga Swamy,active,img/Ranganadha.jpg
362,Ayyappa Swamy,img/vratham/ayyapa.jpg,GOD & GODDESS,mantras_stotram.aspx?godname=Ayyappa Swamy,active,img/Ayyappa.jpg)
363,Hanuman,img/vratham/hanuman.jpg,GOD & GODDESS,mantras_stotram.aspx?godname=Hanuman,active,img/hanuman.jpg
364,Dakshina Murthy,img/vratham/Dakshina.jpg,GOD & GODDESS,mantras_stotram.aspx?godname=Dakshina Murthy,active,img/Dakshina.jpg
365,Panduranga,img/vratham/Panduranga.jpg,GOD & GODDESS,mantras_stotram.aspx?godname=Panduranga,active,img/Panduranga.jpg
366,Kubera,img/vratham/Kubera.jpg,GOD & GODDESS,mantras_stotram.aspx?godname=Kubera,active,img/kubera.jpg
367,Lakshmi Narasimha Swamy,img/vratham/narasimha.jpg,GOD & GODDESS,mantras_stotram.aspx?godname=Lakshmi Narasimha Swamy,active,img/Lakshmi_Narasimha_Swamy.jpg
368,Murugan,img/vratham/Murugan.jpg,GOD & GODDESS,mantras_stotram.aspx?godname=Murugan,active,img/murugan.jpg
369,Lakshmi Devi,img/vratham/lakshmi.jpg,GOD & GODDESS,mantras_stotram.aspx?godname=Lakshmi Devi,active,img/lakshmi.jpg
370,Durga Devi,img/vratham/Durga-mata.jpg,GOD & GODDESS,mantras_stotram.aspx?godname=Durga Devi,active,img/durga.jpg
371,Gayatri Devi,img/vratham/gayatri.jpg,GOD & GODDESS,mantras_stotram.aspx?godname=Gayatri Devi,active,img/Gayatri.jpg
372,Annapurna Devi,img/vratham/annapurna.jpg,GOD & GODDESS,mantras_stotram.aspx?godname=Annapurna Devi,active,img/Annapurna.jpg
373,Kali Matha,img/vratham/kali-goddess.jpg,GOD & GODDESS,mantras_stotram.aspx?godname=Kali Matha,active,img/kali.jpg
374,Kanchi Kamakshi,img/vratham/Kanchi.jpg,GOD & GODDESS,mantras_stotram.aspx?godname=Kanchi Kamakshi,active,img/kanchi1.jpg
375,Kanya Kumari Vasavi Parameswari Devi,img/vratham/Parameswari.jpg,GOD & GODDESS,mantras_stotram.aspx?godname=Kanya Kumari Vasavi Parameswari Devi,active,img/Parameswari.jpg
376,Madhura Meenakshi Devi,img/vratham/Meenakshi.jpg,GOD & GODDESS,mantras_stotram.aspx?godname=Madhura Meenakshi Devi,active,img/Meenakshi.jpg
377,Mookambika Devi,img/vratham/Mookambika.jpg,GOD & GODDESS,mantras_stotram.aspx?godname=Mookambika Devi,active,img/Mookambika.jpg
378,Parvathi Devi,img/vratham/parvathi.jpg,GOD & GODDESS,mantras_stotram.aspx?godname=Parvathi Devi,active,img/Parvathi.jpg
379,Raja Rajeswari,img/vratham/Rajarajeswari.jpg,GOD & GODDESS,mantras_stotram.aspx?godname=Raja Rajeswari,active,img/Rajarajeswari.jpg
380,Santhoshi Matha,img/vratham/SantoshiMata.jpg,GOD & GODDESS,mantras_stotram.aspx?godname=Santhoshi Matha,active,img/Santhoshi.jpg
381,Saraswathi Devi,img/vratham/Saraswati.jpg,GOD & GODDESS,mantras_stotram.aspx?godname=Saraswathi Devi,active,img/Saraswati.jpg
382,Sharaddha Devi,img/vratham/Sharaddha.jpg,GOD & GODDESS,mantras_stotram.aspx?godname=Sharaddha Devi,active,img/Sharaddha.jpg
383,Tripura Sundari Devi,img/vratham/Sundari.jpg,GOD & GODDESS,mantras_stotram.aspx?godname=Tripura Sundari Devi,active,img/Sundari.jpg
384,Vaishno Devi,img/vratham/Vaishno.jpg,GOD & GODDESS,mantras_stotram.aspx?godname=Vaishno Devi,active,img/Vaishno.jpg
385,Maa Baglamukhi,img/vratham/Baglamukhi.jpg,GOD & GODDESS,mantras_stotram.aspx?godname=Maa Baglamukhi,active,img/mabalmuki.jpg
386,Pochamma,img/vratham/Pochamma.jpg,VILLAGE DEITIES,mantras_stotram.aspx?godname=Brahma,deactive,NULL
387,Maisamma,img/vratham/Maisamma.jpg,VILLAGE DEITIES,mantras_stotram.aspx?godname=Brahma,deactive,NULL
388,Gangamma,img/vratham/Gangamma.jpg,VILLAGE DEITIES,mantras_stotram.aspx?godname=Brahma,deactive,NULL
389,Yellamma,img/vratham/Yellamma.jpg,VILLAGE DEITIES,mantras_stotram.aspx?godname=Brahma,deactive,NULL
390,Potharaju,img/vratham/Potharaju.jpg,VILLAGE DEITIES,mantras_stotram.aspx?godname=Brahma,deactive,NULL
391,Katama Raju,img/vratham/Katama.jpg,VILLAGE DEITIES,mantras_stotram.aspx?godname=Brahma,deactive,NULL
392,Maari Amman,img/vratham/MaariAmman.jpg,VILLAGE DEITIES,mantras_stotram.aspx?godname=Brahma,deactive,NULL
393,Suramma,img/vratham/Suramma.jpg,VILLAGE DEITIES,mantras_stotram.aspx?godname=Brahma,deactive,NULL
394,Prithvi Devata,img/vratham/Prithvi.jpg,VILLAGE DEITIES,mantras_stotram.aspx?godname=Brahma,deactive,NULL
395,"Karuppu Sami ",img/vratham/Karuppu.jpg,VILLAGE DEITIES,mantras_stotram.aspx?godname=Brahma,deactive,NULL
396,Ellai Amman,img/vratham/Ellai.jpg,VILLAGE DEITIES,mantras_stotram.aspx?godname=Brahma,deactive,NULL
397,Annamar Swamy,img/vratham/Annamar.jpg,VILLAGE DEITIES,mantras_stotram.aspx?godname=Brahma,deactive,NULL
398,Atreyapuram Grama Devata,img/vratham/atreyapuram.jpg,VILLAGE DEITIES,mantras_stotram.aspx?godname=Brahma,deactive,NULL
399,"Balusulammatalli ",img/vratham/balusulamma.jpg,VILLAGE DEITIES,mantras_stotram.aspx?godname=Brahma,deactive,NULL
400,Ayyanar,img/vratham/ayyanar.jpg,VILLAGE DEITIES,mantras_stotram.aspx?godname=Brahma,deactive,NULL
401,Bhadramma Thalli,img/vratham/bhadramma.jpg,VILLAGE DEITIES,mantras_stotram.aspx?godname=Brahma,deactive,NULL
402,Dharmathakur,img/vratham/Dharmathakur.jpg,VILLAGE DEITIES,mantras_stotram.aspx?godname=Brahma,deactive,NULL
403,Pallamathalli Gudi,img/vratham/pallamathalligudi.jpg,VILLAGE DEITIES,mantras_stotram.aspx?godname=Brahma,deactive,NULL
404,Kala Kshetram Nagadevatha,img/vratham/kshetram.jpg,VILLAGE DEITIES,mantras_stotram.aspx?godname=Brahma,deactive,NULL
405,Kannaki Amman,img/vratham/KannakiAmman.jpg,VILLAGE DEITIES,mantras_stotram.aspx?godname=Brahma,deactive,NULL
406,Kasba ganapati,img/vratham/Kasba.jpg,VILLAGE DEITIES,mantras_stotram.aspx?godname=Brahma,deactive,NULL
407,Madurai Veeran,img/vratham/Maduraiveeran.jpg,VILLAGE DEITIES,mantras_stotram.aspx?godname=Brahma,deactive,NULL
408,Mavulamma Bheemavaram,img/vratham/mavulamma.jpg,VILLAGE DEITIES,mantras_stotram.aspx?godname=Brahma,deactive,NULL
409,"Mumba Devi ",img/vratham/mumba.jpg,VILLAGE DEITIES,mantras_stotram.aspx?godname=Brahma,deactive,NULL
410,Muneeswaran,img/vratham/Muneeswaran.jpg,VILLAGE DEITIES,mantras_stotram.aspx?godname=Brahma,deactive,NULL
411,"Munnekolala Devatha ",img/vratham/munnekolala.jpg,VILLAGE DEITIES,mantras_stotram.aspx?godname=Brahma,deactive,NULL
412,Muthaiya Swamy,img/vratham/muthaiya.jpg,VILLAGE DEITIES,mantras_stotram.aspx?godname=Brahma,deactive,NULL
413,Muthyalamma,img/vratham/Muthyalamma.jpg,VILLAGE DEITIES,mantras_stotram.aspx?godname=Brahma,deactive,NULL
414,Nookambika Devi,img/vratham/Nookambika.jpg,VILLAGE DEITIES,mantras_stotram.aspx?godname=Brahma,deactive,NULL
415,Peddama Thalli,img/vratham/peddama.jpg,VILLAGE DEITIES,mantras_stotram.aspx?godname=Brahma,deactive,NULL
416,Periyaandichi amman,img/vratham/Periyaandichi.jpg,VILLAGE DEITIES,mantras_stotram.aspx?godname=Brahma,deactive,NULL
417,Pydimamba Talli,img/vratham/pydimamba.jpg,VILLAGE DEITIES,mantras_stotram.aspx?godname=Brahma,deactive,NULL
418,Grama Devatha,img/vratham/grama.jpg,VILLAGE DEITIES,mantras_stotram.aspx?godname=Brahma,deactive,NULL
419,Sapta Kani,img/vratham/sapta.jpg,VILLAGE DEITIES,mantras_stotram.aspx?godname=Brahma,deactive,NULL
420,Subbalamma Amalapuram,img/vratham/Subbalamma.jpg,VILLAGE DEITIES,mantras_stotram.aspx?godname=Brahma,deactive,NULL
421,Sudalai maadan,img/vratham/Sudalai.jpg,VILLAGE DEITIES,mantras_stotram.aspx?godname=Brahma,deactive,NULL
422,Tadepalligudem Balusulamma,img/vratham/Tadepalligudem.jpg,VILLAGE DEITIES,mantras_stotram.aspx?godname=Brahma,deactive,NULL
423,Thaiyal Nayaki Amman,img/vratham/thaiyal.jpg,VILLAGE DEITIES,mantras_stotram.aspx?godname=Brahma,deactive,NULL
424,Dattatreya,img/vratham/dattatreya.jpg,GURUS,mantras_stotram.aspx?godname=Dattatreya,active,img/Dattatreya.jpg
425,Sripada Sri Vallabha,img/vratham/ShripadShriVallabh.jpg,GURUS,mantras_stotram.aspx?godname=Sripada Sri Vallabha,active,img/Vallabha.jpg
426,Narasimha Saraswathi,img/vratham/ShriNarasimhaSaraswati.jpg,GURUS,mantras_stotram.aspx?godname=Narasimha Saraswathi,active,img/Narasimha.jpg
427,Manik Prabhu,img/vratham/maharaj1.jpg,GURUS,mantras_stotram.aspx?godname=Manik Prabhu,active,img/manik.jpg
428,Raghavendra Swamy,img/vratham/Ragavendraswamy.jpg,GURUS,mantras_stotram.aspx?godname=Raghavendra Swamy,active,img/ragha.jpg
429,Shirdi sai,img/vratham/saibaba.jpg,GURUS,mantras_stotram.aspx?godname=Shirdi sai,active,img/sai.jpg
430,Sathya Sai,img/vratham/sathya.jpg,GURUS,mantras_stotram.aspx?godname=Sathya Sai,active,img/satya.jpg
431,Samartha Ramadas,img/vratham/Ramadas.jpg,GURUS,mantras_stotram.aspx?godname=Samartha Ramadas,active,img/ramadas.jpg
432,Surya Narayana,img/vratham/surya.jpg,PLANATES,mantras_stotram.aspx?godname=Surya Narayana,active,img/surya.jpg
433,Soma,img/vratham/soma.jpg,PLANATES,mantras_stotram.aspx?godname=Soma,active,img/soma.jpg
434,Mangala,img/vratham/mangala.jpg,PLANATES,mantras_stotram.aspx?godname=Mangala,active,img/Mangala.jpg
435,Buddha,img/vratham/budh.jpg,PLANATES,mantras_stotram.aspx?godname=Buddha,active,img/buddh.jpg
436,Guru,img/vratham/guru.jpg,PLANATES,mantras_stotram.aspx?godname=Guru,active,img/Guru.jpg
437,Shukra,img/vratham/sukra.jpg,PLANATES,mantras_stotram.aspx?godname=Shukra,active,img/Shukra.jpg
438,Sani,img/vratham/sanee.jpg,PLANATES,mantras_stotram.aspx?godname=Sani,active,img/Shani.jpg
439,Rahu,img/vratham/rahu.jpg,PLANATES,mantras_stotram.aspx?godname=Rahu,active,img/Rahu.jpg
440,Ketu,img/vratham/kethu.jpg,PLANATES,mantras_stotram.aspx?godname=Ketu,active,img/Ketu.jpg
441,Ganga,img/vratham/ganga.jpg,RIVER GODESS,mantras_stotram.aspx?godname=Ganga,active,img/ganga.jpg
442,Yamuna,img/vratham/yamuna.jpg,RIVER GODESS,mantras_stotram.aspx?godname=Yamuna,active,img/Yamuna.jpg
443,Sindhu,img/vratham/Sindhu.jpg,RIVER GODESS,mantras_stotram.aspx?godname=Brahma,deactive,NULL
444,Narmada,img/vratham/narmada.jpg,RIVER GODESS,mantras_stotram.aspx?godname=Narmada,active,img/Narmada.jpg
445,Godavari,img/vratham/godaveri.jpg,RIVER GODESS,mantras_stotram.aspx?godname=Godavari,active,img/godavari1.jpg
446,Krishna,img/vratham/Krishnariver.jpg,RIVER GODESS,mantras_stotram.aspx?godname=Brahma,deactive,NULL
447,Kaveri,img/vratham/kaveri.jpg,RIVER GODESS,mantras_stotram.aspx?godname=Kaveri,active,img/kaveri1.jpg
448,Hansa,img/vratham/Hansa.jpg,"VAHANA GODS ",mantras_stotram.aspx?godname=Brahma,deactive,NULL
449,Garuda,img/vratham/Garuda.jpg,"VAHANA GODS ",mantras_stotram.aspx?godname=Brahma,deactive,NULL
450,Nandi,img/vratham/Nandi.jpg,"VAHANA GODS ",mantras_stotram.aspx?godname=Brahma,deactive,NULL
451,Shesha,img/vratham/Shesha.jpg,"VAHANA GODS ",mantras_stotram.aspx?godname=Brahma,deactive,NULL
452,Tulasi,img/vratham/Tulasi.jpg,"SACRED TREES ",mantras_stotram.aspx?godname=Brahma,deactive,NULL
453,Banyan,img/vratham/Banyan.jpg,"SACRED TREES ",mantras_stotram.aspx?godname=Brahma,deactive,NULL
454,Neem,img/vratham/neem.jpg,"SACRED TREES ",mantras_stotram.aspx?godname=Brahma,deactive,NULL
455,Peepal,img/vratham/Peepal.jpg,"SACRED TREES ",mantras_stotram.aspx?godname=Brahma,deactive,NULL
456,"Bilwa ",img/vratham/Bilwa.jpg,"SACRED TREES ",mantras_stotram.aspx?godname=Brahma,deactive,NULL
457,Satyanarayana Swamy,img/vratham/satyanarayanaswamy.jpg,GOD & GODDESS,mantras_stotram.aspx?godname=Brahma,deactive,NULL
458,Yama Dharmaraja,img/vratham/yamadhararaja.jpg,GOD & GODDESS,mantras_stotram.aspx?godname=Brahma,deactive,NULL
459,Navagraha,img/vratham/navagraha.jpg,PLANATES,mantras_stotram.aspx?godname=Navagraha,active,img/navagraha1.jpg
